{"cue-conflict": {"top1_acc": 0.0859375, "top5_acc": 0.42500001192092896}, "edge": {"top1_acc": 0.16875000298023224, "top5_acc": 0.4312500059604645}, "silhouette": {"top1_acc": 0.0625, "top5_acc": 0.4312500059604645}, "sketch": {"top1_acc": 0.1887499988079071, "top5_acc": 0.5112500190734863}, "stylized": {"top1_acc": 0.07124999910593033, "top5_acc": 0.36625000834465027}, "colour": {"top1_acc": 0.18828125298023224, "top5_acc": 0.5101562738418579}, "contrast": {"top1_acc": 0.09140624850988388, "top5_acc": 0.36015623807907104}, "eidolonI": {"top1_acc": 0.10078124701976776, "top5_acc": 0.40703123807907104}, "eidolonII": {"top1_acc": 0.09843750298023224, "top5_acc": 0.3734374940395355}, "eidolonIII": {"top1_acc": 0.09453125298023224, "top5_acc": 0.37109375}, "false-colour": {"top1_acc": 0.18482142686843872, "top5_acc": 0.5241071581840515}, "high-pass": {"top1_acc": 0.07968749850988388, "top5_acc": 0.36015623807907104}, "low-pass": {"top1_acc": 0.09609375149011612, "top5_acc": 0.36640626192092896}, "phase-scrambling": {"top1_acc": 0.10357142984867096, "top5_acc": 0.38928571343421936}, "power-equalisation": {"top1_acc": 0.12767857313156128, "top5_acc": 0.4375}, "rotation": {"top1_acc": 0.13203124701976776, "top5_acc": 0.4710937440395355}, "uniform-noise": {"top1_acc": 0.06328125298023224, "top5_acc": 0.3218750059604645}}