{
    "cue-conflict": {
        "top1_acc": 0.13671875,
        "top5_acc": 0.43281251192092896
    },
    "edge": {
        "top1_acc": 0.15000000596046448,
        "top5_acc": 0.518750011920929
    },
    "silhouette": {
        "top1_acc": 0.15625,
        "top5_acc": 0.53125
    },
    "sketch": {
        "top1_acc": 0.18125000596046448,
        "top5_acc": 0.5924999713897705
    },
    "stylized": {
        "top1_acc": 0.11999999731779099,
        "top5_acc": 0.4424999952316284
    },
    "colour": {
        "top1_acc": 0.4625000059604645,
        "top5_acc": 0.8218749761581421
    },
    "contrast": {
        "top1_acc": 0.20078125596046448,
        "top5_acc": 0.4906249940395355
    },
    "eidolonI": {
        "top1_acc": 0.21328124403953552,
        "top5_acc": 0.5960937738418579
    },
    "eidolonII": {
        "top1_acc": 0.17031249403953552,
        "top5_acc": 0.508593738079071
    },
    "eidolonIII": {
        "top1_acc": 0.14296874403953552,
        "top5_acc": 0.49140626192092896
    },
    "false-colour": {
        "top1_acc": 0.41428571939468384,
        "top5_acc": 0.7741071581840515
    },
    "high-pass": {
        "top1_acc": 0.18593749403953552,
        "top5_acc": 0.51171875
    },
    "low-pass": {
        "top1_acc": 0.16171875596046448,
        "top5_acc": 0.45703125
    },
    "phase-scrambling": {
        "top1_acc": 0.20357142388820648,
        "top5_acc": 0.5258928537368774
    },
    "power-equalisation": {
        "top1_acc": 0.2607142925262451,
        "top5_acc": 0.6464285850524902
    },
    "rotation": {
        "top1_acc": 0.22890624403953552,
        "top5_acc": 0.6265624761581421
    },
    "uniform-noise": {
        "top1_acc": 0.13593749701976776,
        "top5_acc": 0.42890626192092896
    }
}