{"cue-conflict": {"top1_acc": 0.11093749850988388, "top5_acc": 0.4117187559604645}, "edge": {"top1_acc": 0.1875, "top5_acc": 0.44999998807907104}, "silhouette": {"top1_acc": 0.10625000298023224, "top5_acc": 0.42500001192092896}, "sketch": {"top1_acc": 0.21125000715255737, "top5_acc": 0.6175000071525574}, "stylized": {"top1_acc": 0.0949999988079071, "top5_acc": 0.42250001430511475}, "colour": {"top1_acc": 0.4515624940395355, "top5_acc": 0.83203125}, "contrast": {"top1_acc": 0.15000000596046448, "top5_acc": 0.4632812440395355}, "eidolonI": {"top1_acc": 0.18671874701976776, "top5_acc": 0.5257812738418579}, "eidolonII": {"top1_acc": 0.13124999403953552, "top5_acc": 0.45390623807907104}, "eidolonIII": {"top1_acc": 0.12421874701976776, "top5_acc": 0.4375}, "false-colour": {"top1_acc": 0.38749998807907104, "top5_acc": 0.7928571701049805}, "high-pass": {"top1_acc": 0.19374999403953552, "top5_acc": 0.520312488079071}, "low-pass": {"top1_acc": 0.14765624701976776, "top5_acc": 0.46406251192092896}, "phase-scrambling": {"top1_acc": 0.17053571343421936, "top5_acc": 0.5285714268684387}, "power-equalisation": {"top1_acc": 0.23571428656578064, "top5_acc": 0.5991071462631226}, "rotation": {"top1_acc": 0.24921874701976776, "top5_acc": 0.6390625238418579}, "uniform-noise": {"top1_acc": 0.0859375, "top5_acc": 0.37968748807907104}}