{
    "cue-conflict": {
        "top1_acc": 0.22109374403953552,
        "top5_acc": 0.551562488079071
    },
    "edge": {
        "top1_acc": 0.3125,
        "top5_acc": 0.643750011920929
    },
    "silhouette": {
        "top1_acc": 0.19374999403953552,
        "top5_acc": 0.4625000059604645
    },
    "sketch": {
        "top1_acc": 0.38999998569488525,
        "top5_acc": 0.7137500047683716
    },
    "stylized": {
        "top1_acc": 0.1899999976158142,
        "top5_acc": 0.5149999856948853
    },
    "colour": {
        "top1_acc": 0.45234376192092896,
        "top5_acc": 0.7640625238418579
    },
    "contrast": {
        "top1_acc": 0.13046875596046448,
        "top5_acc": 0.4281249940395355
    },
    "eidolonI": {
        "top1_acc": 0.17109374701976776,
        "top5_acc": 0.4703125059604645
    },
    "eidolonII": {
        "top1_acc": 0.13750000298023224,
        "top5_acc": 0.39921873807907104
    },
    "eidolonIII": {
        "top1_acc": 0.12968750298023224,
        "top5_acc": 0.38359373807907104
    },
    "false-colour": {
        "top1_acc": 0.4375,
        "top5_acc": 0.78125
    },
    "high-pass": {
        "top1_acc": 0.203125,
        "top5_acc": 0.484375
    },
    "low-pass": {
        "top1_acc": 0.15156249701976776,
        "top5_acc": 0.4164062440395355
    },
    "phase-scrambling": {
        "top1_acc": 0.21964286267757416,
        "top5_acc": 0.5214285850524902
    },
    "power-equalisation": {
        "top1_acc": 0.33392858505249023,
        "top5_acc": 0.6455357074737549
    },
    "rotation": {
        "top1_acc": 0.28437501192092896,
        "top5_acc": 0.6039062738418579
    },
    "uniform-noise": {
        "top1_acc": 0.10000000149011612,
        "top5_acc": 0.3671875
    }
}