{
    "cue-conflict": {
        "top1_acc": 0.15234375,
        "top5_acc": 0.47265625
    },
    "edge": {
        "top1_acc": 0.18125000596046448,
        "top5_acc": 0.5874999761581421
    },
    "silhouette": {
        "top1_acc": 0.1875,
        "top5_acc": 0.45625001192092896
    },
    "sketch": {
        "top1_acc": 0.29750001430511475,
        "top5_acc": 0.6800000071525574
    },
    "stylized": {
        "top1_acc": 0.17749999463558197,
        "top5_acc": 0.5112500190734863
    },
    "colour": {
        "top1_acc": 0.571093738079071,
        "top5_acc": 0.875
    },
    "contrast": {
        "top1_acc": 0.22031250596046448,
        "top5_acc": 0.535937488079071
    },
    "eidolonI": {
        "top1_acc": 0.23749999701976776,
        "top5_acc": 0.628125011920929
    },
    "eidolonII": {
        "top1_acc": 0.19453124701976776,
        "top5_acc": 0.5210937261581421
    },
    "eidolonIII": {
        "top1_acc": 0.15937499701976776,
        "top5_acc": 0.5023437738418579
    },
    "false-colour": {
        "top1_acc": 0.5071428418159485,
        "top5_acc": 0.84375
    },
    "high-pass": {
        "top1_acc": 0.23828125,
        "top5_acc": 0.5648437738418579
    },
    "low-pass": {
        "top1_acc": 0.17734375596046448,
        "top5_acc": 0.4749999940395355
    },
    "phase-scrambling": {
        "top1_acc": 0.23035714030265808,
        "top5_acc": 0.5776785612106323
    },
    "power-equalisation": {
        "top1_acc": 0.2883928716182709,
        "top5_acc": 0.6866071224212646
    },
    "rotation": {
        "top1_acc": 0.296875,
        "top5_acc": 0.6796875
    },
    "uniform-noise": {
        "top1_acc": 0.15546874701976776,
        "top5_acc": 0.45390623807907104
    }
}