{"cue-conflict": {"top1_acc": 0.13906249403953552, "top5_acc": 0.4140625}, "edge": {"top1_acc": 0.06875000149011612, "top5_acc": 0.4375}, "silhouette": {"top1_acc": 0.08124999701976776, "top5_acc": 0.4312500059604645}, "sketch": {"top1_acc": 0.20250000059604645, "top5_acc": 0.5737500190734863}, "stylized": {"top1_acc": 0.09624999761581421, "top5_acc": 0.42625001072883606}, "colour": {"top1_acc": 0.43671876192092896, "top5_acc": 0.8335937261581421}, "contrast": {"top1_acc": 0.15859374403953552, "top5_acc": 0.4710937440395355}, "eidolonI": {"top1_acc": 0.19687500596046448, "top5_acc": 0.5414062738418579}, "eidolonII": {"top1_acc": 0.13515624403953552, "top5_acc": 0.46406251192092896}, "eidolonIII": {"top1_acc": 0.10859374701976776, "top5_acc": 0.4281249940395355}, "false-colour": {"top1_acc": 0.3660714328289032, "top5_acc": 0.7857142686843872}, "high-pass": {"top1_acc": 0.16875000298023224, "top5_acc": 0.5249999761581421}, "low-pass": {"top1_acc": 0.13437500596046448, "top5_acc": 0.42265623807907104}, "phase-scrambling": {"top1_acc": 0.17589285969734192, "top5_acc": 0.5276785492897034}, "power-equalisation": {"top1_acc": 0.23571428656578064, "top5_acc": 0.6133928298950195}, "rotation": {"top1_acc": 0.22499999403953552, "top5_acc": 0.6148437261581421}, "uniform-noise": {"top1_acc": 0.09843750298023224, "top5_acc": 0.40546876192092896}}