{
    "cue-conflict": {
        "top1_acc": 0.15781250596046448,
        "top5_acc": 0.4765625
    },
    "edge": {
        "top1_acc": 0.1875,
        "top5_acc": 0.5562499761581421
    },
    "silhouette": {
        "top1_acc": 0.16249999403953552,
        "top5_acc": 0.518750011920929
    },
    "sketch": {
        "top1_acc": 0.25,
        "top5_acc": 0.6112499833106995
    },
    "stylized": {
        "top1_acc": 0.14875000715255737,
        "top5_acc": 0.48500001430511475
    },
    "colour": {
        "top1_acc": 0.5054687261581421,
        "top5_acc": 0.844531238079071
    },
    "contrast": {
        "top1_acc": 0.20156249403953552,
        "top5_acc": 0.512499988079071
    },
    "eidolonI": {
        "top1_acc": 0.2554687559604645,
        "top5_acc": 0.6312500238418579
    },
    "eidolonII": {
        "top1_acc": 0.18906250596046448,
        "top5_acc": 0.5210937261581421
    },
    "eidolonIII": {
        "top1_acc": 0.16249999403953552,
        "top5_acc": 0.512499988079071
    },
    "false-colour": {
        "top1_acc": 0.48303571343421936,
        "top5_acc": 0.831250011920929
    },
    "high-pass": {
        "top1_acc": 0.22343750298023224,
        "top5_acc": 0.53515625
    },
    "low-pass": {
        "top1_acc": 0.15937499701976776,
        "top5_acc": 0.4820312559604645
    },
    "phase-scrambling": {
        "top1_acc": 0.23392857611179352,
        "top5_acc": 0.5821428298950195
    },
    "power-equalisation": {
        "top1_acc": 0.28482142090797424,
        "top5_acc": 0.6839285492897034
    },
    "rotation": {
        "top1_acc": 0.30156248807907104,
        "top5_acc": 0.651562511920929
    },
    "uniform-noise": {
        "top1_acc": 0.13437500596046448,
        "top5_acc": 0.43828123807907104
    }
}