{
    "cue-conflict": {
        "top1_acc": 0.21328124403953552,
        "top5_acc": 0.586718738079071
    },
    "edge": {
        "top1_acc": 0.3062500059604645,
        "top5_acc": 0.6499999761581421
    },
    "silhouette": {
        "top1_acc": 0.125,
        "top5_acc": 0.4937500059604645
    },
    "sketch": {
        "top1_acc": 0.4300000071525574,
        "top5_acc": 0.7599999904632568
    },
    "stylized": {
        "top1_acc": 0.1887499988079071,
        "top5_acc": 0.5249999761581421
    },
    "colour": {
        "top1_acc": 0.5249999761581421,
        "top5_acc": 0.832812488079071
    },
    "contrast": {
        "top1_acc": 0.15859374403953552,
        "top5_acc": 0.4781250059604645
    },
    "eidolonI": {
        "top1_acc": 0.19609375298023224,
        "top5_acc": 0.4976562559604645
    },
    "eidolonII": {
        "top1_acc": 0.14687499403953552,
        "top5_acc": 0.42265623807907104
    },
    "eidolonIII": {
        "top1_acc": 0.13671875,
        "top5_acc": 0.40937501192092896
    },
    "false-colour": {
        "top1_acc": 0.5214285850524902,
        "top5_acc": 0.8357142806053162
    },
    "high-pass": {
        "top1_acc": 0.22578124701976776,
        "top5_acc": 0.553906261920929
    },
    "low-pass": {
        "top1_acc": 0.171875,
        "top5_acc": 0.43359375
    },
    "phase-scrambling": {
        "top1_acc": 0.24732142686843872,
        "top5_acc": 0.5375000238418579
    },
    "power-equalisation": {
        "top1_acc": 0.41428571939468384,
        "top5_acc": 0.737500011920929
    },
    "rotation": {
        "top1_acc": 0.3187499940395355,
        "top5_acc": 0.6796875
    },
    "uniform-noise": {
        "top1_acc": 0.1171875,
        "top5_acc": 0.3960937559604645
    }
}